{
  "Денежно-кредитная политика": {
    "precision": 1.0,
    "recall": 0.8461538461538461,
    "f1-score": 0.9166666666666666,
    "support": 13.0
  },
  "Другое": {
    "precision": 0.9047619047619048,
    "recall": 0.95,
    "f1-score": 0.926829268292683,
    "support": 20.0
  },
  "Защита прав потребителей финансовых услуг": {
    "precision": 0.75,
    "recall": 0.8333333333333334,
    "f1-score": 0.7894736842105263,
    "support": 18.0
  },
  "Микрофинансирование": {
    "precision": 0.8333333333333334,
    "recall": 0.7142857142857143,
    "f1-score": 0.7692307692307693,
    "support": 14.0
  },
  "Развитие финансовых технологий": {
    "precision": 0.75,
    "recall": 0.8823529411764706,
    "f1-score": 0.8108108108108109,
    "support": 17.0
  },
  "Рынок ценных бумаг": {
    "precision": 0.8333333333333334,
    "recall": 0.7142857142857143,
    "f1-score": 0.7692307692307693,
    "support": 14.0
  },
  "Страхование": {
    "precision": 0.8947368421052632,
    "recall": 0.8947368421052632,
    "f1-score": 0.8947368421052632,
    "support": 19.0
  },
  "accuracy": 0.8434782608695652,
  "macro avg": {
    "precision": 0.8523093447905478,
    "recall": 0.8335926273343345,
    "f1-score": 0.839568401506784,
    "support": 115.0
  },
  "weighted avg": {
    "precision": 0.8493788819875776,
    "recall": 0.8434782608695652,
    "f1-score": 0.8433567275700445,
    "support": 115.0
  }
}